0,0,DDF_opt_mb_monthly_cte,stats_mb_monthly_cte,DDF_opt_mb_monthly_var_an_cycle,stats_mb_monthly_var_an_cycle,DDF_opt_mb_daily_cte,stats_mb_daily_cte,DDF_opt_mb_daily_var_an_cycle,stats_mb_daily_var_an_cycle,DDF_opt_mb_real_daily_cte,stats_mb_real_daily_cte,DDF_opt_mb_real_daily_var_an_cycle,stats_mb_real_daily_var_an_cycle
RGI60-11.00002,RGI60-11.00002,162.33670422723998,"{'RMSD': 85.2026731783895, 'bias': 6.181008234307228e-05, 'rcor': 0.8785190219364283, 'quot_std': 0.8636584909124515}",131.71323223081723,"{'RMSD': 82.26456680369107, 'bias': 0.00014996540744505182, 'rcor': 0.8928473496874122, 'quot_std': 0.7570562461508314}",142.43954893243819,"{'RMSD': 80.32073342553144, 'bias': -0.04502861255559765, 'rcor': 0.9047316699755958, 'quot_std': 0.7247413429248203}",117.41372607932362,"{'RMSD': 86.10870582635012, 'bias': -0.038454288979892226, 'rcor': 0.9012599897016199, 'quot_std': 0.6577259399344321}",144.3163049166193,"{'RMSD': 75.27244104537084, 'bias': 0.0002701733883441193, 'rcor': 0.917696203178984, 'quot_std': 0.7408462323592784}",109.25936394425105,"{'RMSD': 93.6000405170309, 'bias': 0.00018039120232060668, 'rcor': 0.8652968065290857, 'quot_std': 0.6776494081869499}"
RGI60-11.00012,RGI60-11.00012,,,,,,,,,,,,
RGI60-11.00073,RGI60-11.00073,347.3809689038307,"{'RMSD': 3.8070075106588774e-05, 'bias': -3.8070075106588774e-05, 'rcor': nan, 'quot_std': nan}",234.3316588201741,"{'RMSD': 5.1658128882081655e-05, 'bias': -5.1658128882081655e-05, 'rcor': nan, 'quot_std': nan}",256.31912892452374,"{'RMSD': 0.05124615345403072, 'bias': -0.05124615345403072, 'rcor': nan, 'quot_std': nan}",185.25129245747388,"{'RMSD': 0.04345412340001076, 'bias': -0.04345412340001076, 'rcor': nan, 'quot_std': nan}",266.9598512413187,"{'RMSD': 0.00021377356313223572, 'bias': 0.00021377356313223572, 'rcor': nan, 'quot_std': nan}",188.85042640159756,"{'RMSD': 9.349113815915189e-05, 'bias': 9.349113815915189e-05, 'rcor': nan, 'quot_std': nan}"
RGI60-11.00080,RGI60-11.00080,249.52892731657,"{'RMSD': 117.42395604323033, 'bias': -6.042995164534659e-05, 'rcor': 0.7206119483651131, 'quot_std': 1.1191775634102665}",203.476933022114,"{'RMSD': 111.11206103101148, 'bias': 5.7973386901721824e-05, 'rcor': 0.705716543700571, 'quot_std': 0.9782829157582865}",204.8618107371716,"{'RMSD': 106.50391784661221, 'bias': -0.06153129182871453, 'rcor': 0.7280862132992082, 'quot_std': 0.9725095386358468}",171.79079776671918,"{'RMSD': 104.62658304140328, 'bias': -0.05332036791185146, 'rcor': 0.7163593151830174, 'quot_std': 0.8795384349620486}",208.0680579704882,"{'RMSD': 96.99937430858677, 'bias': 7.734780479040637e-05, 'rcor': 0.7783061405557555, 'quot_std': 0.9897780016046948}",163.03330117462133,"{'RMSD': 96.27093179630721, 'bias': 0.00013408703523509757, 'rcor': 0.7618007264918436, 'quot_std': 0.8857096601133582}"
RGI60-11.00106,RGI60-11.00106,244.36243580754058,"{'RMSD': 123.23629006690192, 'bias': -9.806697266867559e-05, 'rcor': 0.7403319913999135, 'quot_std': 1.9407338031959835}",212.69560715315308,"{'RMSD': 112.92882935724548, 'bias': 6.945335667296604e-05, 'rcor': 0.7234724151037185, 'quot_std': 1.7795719960731322}",205.87137760469403,"{'RMSD': 104.46459578093757, 'bias': -0.0572429871069744, 'rcor': 0.7452482649137611, 'quot_std': 1.7027840096530535}",181.94051083528916,"{'RMSD': 98.2260706828189, 'bias': -0.05214938391736723, 'rcor': 0.7281388905632084, 'quot_std': 1.5863271338259208}",206.1065515877323,"{'RMSD': 97.96346965101718, 'bias': -4.22963111077479e-05, 'rcor': 0.7481188727925591, 'quot_std': 1.6186100621533077}",172.92584651480524,"{'RMSD': 89.8592588269464, 'bias': 2.1075069525977597e-05, 'rcor': 0.7438599781581919, 'quot_std': 1.4944645352975547}"
RGI60-11.00116,RGI60-11.00116,188.59846697921807,"{'RMSD': 232.26690857207046, 'bias': 1.7913683109327394e-05, 'rcor': 0.696224927300694, 'quot_std': 1.3196600255353836}",167.46069626206793,"{'RMSD': 207.64676558531636, 'bias': 4.542110764305107e-05, 'rcor': 0.6889773302809457, 'quot_std': 1.1616002012691575}",160.87063094640388,"{'RMSD': 188.6984052976231, 'bias': -0.046222496761402, 'rcor': 0.7374036323831817, 'quot_std': 1.136706985573354}",143.9074057495893,"{'RMSD': 172.4451263415571, 'bias': -0.04227229407081268, 'rcor': 0.7386691701045093, 'quot_std': 1.0232736113516863}",163.09645043524375,"{'RMSD': 158.74829868375, 'bias': 0.00016062177996900573, 'rcor': 0.8412989150894253, 'quot_std': 1.1833943856531508}",136.6423511043294,"{'RMSD': 134.8989406786478, 'bias': 0.00015890542488250503, 'rcor': 0.8501677643037948, 'quot_std': 1.0452307220498682}"
RGI60-11.00190,RGI60-11.00190,299.36868337867236,"{'RMSD': 142.49255593816994, 'bias': 1.949988325122831e-05, 'rcor': 0.8380572804686065, 'quot_std': 1.5356684795722697}",250.1881711387548,"{'RMSD': 126.26995142725868, 'bias': 1.030008104407898e-05, 'rcor': 0.824533449820252, 'quot_std': 1.3751307795430263}",242.51323934406068,"{'RMSD': 111.38998056670067, 'bias': -0.07143534370152338, 'rcor': 0.8245867261623211, 'quot_std': 1.2388682106775266}",207.3658474435201,"{'RMSD': 102.66876138554886, 'bias': -0.06281623747656795, 'rcor': 0.819437411587257, 'quot_std': 1.1304717672902085}",246.42624735065752,"{'RMSD': 107.53711479010246, 'bias': -5.398336327289144e-05, 'rcor': 0.8300251723859441, 'quot_std': 1.2148354272938326}",195.48475303404604,"{'RMSD': 88.95531084845334, 'bias': 4.246323715051403e-05, 'rcor': 0.855648259566388, 'quot_std': 1.084467662094714}"
RGI60-11.00251,RGI60-11.00251,197.2035212968961,"{'RMSD': 103.23900267773521, 'bias': -2.83546569335158e-07, 'rcor': 0.7671201528772437, 'quot_std': 1.127741160286352}",167.26232977906372,"{'RMSD': 105.87585886536434, 'bias': 2.144979544027592e-05, 'rcor': 0.7177396808706613, 'quot_std': 1.0196837239744578}",169.1155660425577,"{'RMSD': 100.94376725165642, 'bias': -0.048113783225062434, 'rcor': 0.745974725282352, 'quot_std': 1.0279148680721208}",145.4647084788596,"{'RMSD': 103.81490871765197, 'bias': -0.04237456068199208, 'rcor': 0.7094351100131653, 'quot_std': 0.9551146691671865}",172.03273919614648,"{'RMSD': 90.79187104793805, 'bias': -0.0001243462924094274, 'rcor': 0.8164771324513307, 'quot_std': 1.107847670484323}",136.79231541592975,"{'RMSD': 94.54315872138426, 'bias': 1.1330210213600367e-05, 'rcor': 0.7755574565578142, 'quot_std': 1.0212624816148994}"
RGI60-11.00289,RGI60-11.00289,132.92777819336462,"{'RMSD': 89.74738750384843, 'bias': -3.255291755976941e-05, 'rcor': 0.7282142042974221, 'quot_std': 0.8818966183218687}",119.14781374464745,"{'RMSD': 92.41114591989779, 'bias': 3.568693625766173e-05, 'rcor': 0.7058155578336425, 'quot_std': 0.8536137821054202}",118.78703731879646,"{'RMSD': 93.02858073367725, 'bias': -0.03520345544779957, 'rcor': 0.6973107452648708, 'quot_std': 0.8298191276816994}",107.22483668418913,"{'RMSD': 95.35062359978487, 'bias': -0.03255817544061301, 'rcor': 0.6773190813722888, 'quot_std': 0.8087285862487223}",121.12741189131522,"{'RMSD': 87.04929056678797, 'bias': 2.672028676897753e-05, 'rcor': 0.7433368392522991, 'quot_std': 0.8740972263225194}",104.03970575789008,"{'RMSD': 88.33339651099858, 'bias': 5.290216643061285e-05, 'rcor': 0.7249686629469346, 'quot_std': 0.8017543875632184}"
RGI60-11.00300,RGI60-11.00300,155.22940774969098,"{'RMSD': 80.9781719420101, 'bias': 0.00014144753811251576, 'rcor': 0.7142907460625354, 'quot_std': 1.301365161271472}",138.108315554875,"{'RMSD': 80.2683704515649, 'bias': -0.0001392503286297142, 'rcor': 0.6967101783989613, 'quot_std': 1.25077729869839}",137.7903274794274,"{'RMSD': 79.48786623851804, 'bias': -0.04050520717044037, 'rcor': 0.688396388272049, 'quot_std': 1.2181029698832808}",123.677389561099,"{'RMSD': 79.80257622712843, 'bias': -0.03740398578872828, 'rcor': 0.6692879259213339, 'quot_std': 1.1815236478505795}",140.27325663833747,"{'RMSD': 82.06686635200728, 'bias': 7.470457444469503e-05, 'rcor': 0.6940966211001018, 'quot_std': 1.2771858932634408}",119.97508465567266,"{'RMSD': 78.18424654379133, 'bias': 7.900831622009719e-05, 'rcor': 0.6796468730547941, 'quot_std': 1.1733101797713916}"
RGI60-11.00603,RGI60-11.00603,199.83962287637388,"{'RMSD': 106.4053107275031, 'bias': -0.00012038847467010783, 'rcor': 0.74178976491493, 'quot_std': 1.0070722834792196}",178.84490608744724,"{'RMSD': 98.64093096330157, 'bias': -5.0775099225575104e-05, 'rcor': 0.7661942525285441, 'quot_std': 0.9565864254480343}",172.49143436354012,"{'RMSD': 96.933977743921, 'bias': -0.05442673715810997, 'rcor': 0.7756604801966023, 'quot_std': 0.9632309066257643}",155.90398142488112,"{'RMSD': 91.49079288171009, 'bias': -0.05020579147026183, 'rcor': 0.7936333354707014, 'quot_std': 0.9270542400590568}",176.23906351148625,"{'RMSD': 100.42792436973505, 'bias': 0.00020738127864206035, 'rcor': 0.7821181467312155, 'quot_std': 1.0518772638248894}",151.51142471484417,"{'RMSD': 98.9249870750867, 'bias': 2.6508471592023852e-05, 'rcor': 0.7707649063182912, 'quot_std': 0.9821639444556222}"
RGI60-11.00619,RGI60-11.00619,261.39232188863514,"{'RMSD': 103.65421462684704, 'bias': -0.0001647627841521171, 'rcor': 0.7836092500235011, 'quot_std': 1.3528863936895341}",224.21840854101248,"{'RMSD': 89.45769030475107, 'bias': -8.601135868957499e-05, 'rcor': 0.7769897386655686, 'quot_std': 1.1534849612236415}",215.26176281272168,"{'RMSD': 77.91085871072882, 'bias': -0.06735181391923106, 'rcor': 0.8209839760918956, 'quot_std': 1.1083793227574348}",187.5813166757977,"{'RMSD': 71.67001135032936, 'bias': -0.05950427624907206, 'rcor': 0.8206866948799607, 'quot_std': 0.9835497669943368}",220.56473285994127,"{'RMSD': 88.05529503719045, 'bias': 0.0001784410496838973, 'rcor': 0.8276112510672706, 'quot_std': 1.2709298625664576}",177.60153577545162,"{'RMSD': 71.86129024640736, 'bias': 0.00017367415364333283, 'rcor': 0.8455711078828484, 'quot_std': 1.0951100231752315}"
RGI60-11.00638,RGI60-11.00638,222.75956278902663,"{'RMSD': 179.44676040355913, 'bias': -8.813587237455067e-05, 'rcor': 0.58707436984434, 'quot_std': 1.5589441890559874}",176.06542401602258,"{'RMSD': 118.59454783961547, 'bias': -0.000131522611809487, 'rcor': 0.7714523300395464, 'quot_std': 1.3089615729457598}",190.89812972133709,"{'RMSD': 135.37510681634876, 'bias': -0.061210810159991524, 'rcor': 0.6548164732199617, 'quot_std': 1.2464831114358725}",154.1018706354029,"{'RMSD': 97.02623652385232, 'bias': -0.049925444318205336, 'rcor': 0.7944847441468107, 'quot_std': 1.1185521413980246}",193.54599438585285,"{'RMSD': 119.91190803251503, 'bias': 1.4430390365305357e-05, 'rcor': 0.69640374370937, 'quot_std': 1.156530250726248}",142.4276267965075,"{'RMSD': 94.176440556694, 'bias': -0.00013352253449738782, 'rcor': 0.760880113015399, 'quot_std': 0.9591242527856232}"
RGI60-11.00647,RGI60-11.00647,194.80786355412528,"{'RMSD': 98.39749888316268, 'bias': 2.551106933879055e-05, 'rcor': 0.8745289026374997, 'quot_std': 0.8812936498034685}",167.4253778637699,"{'RMSD': 108.95854987274296, 'bias': -9.837764707754104e-05, 'rcor': 0.8423342101930585, 'quot_std': 0.7616720544575177}",165.40380187402806,"{'RMSD': 108.67858221183663, 'bias': -0.05131056752770746, 'rcor': 0.8440861423265688, 'quot_std': 0.7486974867186246}",144.02701973258502,"{'RMSD': 116.44843648720969, 'bias': -0.046012242390133906, 'rcor': 0.8262970379094838, 'quot_std': 0.6626788921198321}",169.39256879348724,"{'RMSD': 88.05367081141284, 'bias': 1.5172202893154463e-05, 'rcor': 0.9009769339786488, 'quot_std': 0.8074865934863827}",133.91419200700494,"{'RMSD': 95.29245728623039, 'bias': 6.000424980356911e-05, 'rcor': 0.8964854674990238, 'quot_std': 0.6944378512447159}"
RGI60-11.00719,RGI60-11.00719,415.8894217756595,"{'RMSD': 160.2405585589988, 'bias': -0.00010110473181157431, 'rcor': 0.8555895453600406, 'quot_std': 2.94141758318477}",337.36614020093225,"{'RMSD': 131.29910005044218, 'bias': -6.958936012324557e-05, 'rcor': 0.8559383888266473, 'quot_std': 2.538060936547822}",304.7537135291448,"{'RMSD': 111.97904744720057, 'bias': -0.08894785655536452, 'rcor': 0.8683119562953313, 'quot_std': 2.283631884765862}",257.88894630018183,"{'RMSD': 99.28569149626163, 'bias': -0.07768604350746955, 'rcor': 0.8591641851221085, 'quot_std': 2.086264831690104}",298.2102766710372,"{'RMSD': 101.27494666613296, 'bias': 1.2806148674826545e-05, 'rcor': 0.8833571374605025, 'quot_std': 2.1551411665969993}",235.13811384199914,"{'RMSD': 86.09624829386178, 'bias': 2.7164046514371876e-05, 'rcor': 0.8768548854997126, 'quot_std': 1.9235948582707172}"
RGI60-11.00781,RGI60-11.00781,152.12061954687812,"{'RMSD': 77.93054074423507, 'bias': -3.631026879702404e-05, 'rcor': 0.7952201811092601, 'quot_std': 1.1010624258594661}",140.26504169941154,"{'RMSD': 77.48583187756562, 'bias': -6.275583541537344e-05, 'rcor': 0.787561092839936, 'quot_std': 1.0658225065836904}",133.12392289781397,"{'RMSD': 72.69619310870944, 'bias': -0.04167220889746659, 'rcor': 0.8015057079116543, 'quot_std': 1.0165783352468127}",123.59888436735223,"{'RMSD': 72.71435707232988, 'bias': -0.039187347428310204, 'rcor': 0.7958918756980334, 'quot_std': 0.991710059370321}",134.59463330595815,"{'RMSD': 66.39188460569571, 'bias': -8.879562597030599e-05, 'rcor': 0.8379118923383053, 'quot_std': 1.0333690592859197}",120.70910119205055,"{'RMSD': 67.0779691524647, 'bias': 1.497757580182224e-06, 'rcor': 0.8265781116318084, 'quot_std': 0.99314514478047}"
RGI60-11.00787,RGI60-11.00787,245.10763235895797,"{'RMSD': 92.63298943732461, 'bias': -3.6071492331757327e-05, 'rcor': 0.8196057893842793, 'quot_std': 1.8092198412223446}",212.7940092138958,"{'RMSD': 81.1428689156907, 'bias': 3.079360357105543e-05, 'rcor': 0.8164314064186113, 'quot_std': 1.6354243965335655}",196.36480191146114,"{'RMSD': 74.6646828515725, 'bias': -0.05373335535375645, 'rcor': 0.8063249986866469, 'quot_std': 1.514838601273503}",174.08792510693743,"{'RMSD': 69.49295783328151, 'bias': -0.04915654147725945, 'rcor': 0.8004997227711317, 'quot_std': 1.417081424769377}",194.58275043943252,"{'RMSD': 67.49280107628461, 'bias': 2.5316896994809213e-05, 'rcor': 0.8223279066061384, 'quot_std': 1.4325045941985393}",162.02763474658565,"{'RMSD': 60.50346813767756, 'bias': 1.152729720388379e-05, 'rcor': 0.8241904534398167, 'quot_std': 1.314280358851515}"
RGI60-11.00797,RGI60-11.00797,203.79395812523248,"{'RMSD': 117.58486718085454, 'bias': -6.264947688805478e-05, 'rcor': 0.6617948761857657, 'quot_std': 0.8437311632610704}",180.95906096319746,"{'RMSD': 126.1310515669535, 'bias': 1.9945006727084547e-05, 'rcor': 0.6252543367987782, 'quot_std': 0.8878867826504712}",172.16691542101472,"{'RMSD': 99.31519916558865, 'bias': -0.054150976943731166, 'rcor': 0.7505695829016049, 'quot_std': 0.7598763789235834}",154.7357193053886,"{'RMSD': 103.62384621325026, 'bias': -0.05044776223758163, 'rcor': 0.7269644010573537, 'quot_std': 0.7652339540016442}",173.11632081889042,"{'RMSD': 72.43085215928501, 'bias': -3.825110621846761e-05, 'rcor': 0.8758130879298514, 'quot_std': 0.7970487100035683}",148.5383678768452,"{'RMSD': 80.02642091796984, 'bias': 9.783160476217745e-05, 'rcor': 0.8459166549291794, 'quot_std': 0.7666249038079248}"
RGI60-11.00804,RGI60-11.00804,174.83046079094274,"{'RMSD': 85.39442576824374, 'bias': 1.4298871064966079e-05, 'rcor': 0.7903508248695894, 'quot_std': 1.2097604826620239}",157.6914139777418,"{'RMSD': 83.05838466627453, 'bias': -0.00013771370925041992, 'rcor': 0.7867178853212342, 'quot_std': 1.1629409945163043}",150.79891093072746,"{'RMSD': 80.66862798189929, 'bias': -0.04673846496950773, 'rcor': 0.7871236473467642, 'quot_std': 1.1239276226695132}",137.4340680005453,"{'RMSD': 79.52415410518039, 'bias': -0.043330903067840154, 'rcor': 0.78365196746396, 'quot_std': 1.091712004955006}",153.3773159847126,"{'RMSD': 77.73077500092512, 'bias': -6.194568516093568e-05, 'rcor': 0.8056739063352795, 'quot_std': 1.1329971961715408}",134.41508451227259,"{'RMSD': 75.96806632619176, 'bias': -3.002071480295854e-08, 'rcor': 0.7997335798202235, 'quot_std': 1.0797891445351944}"
RGI60-11.00807,RGI60-11.00807,178.1430488460045,"{'RMSD': 114.89797351199172, 'bias': -1.987780990475585e-05, 'rcor': 0.7288022316716194, 'quot_std': 0.8566312765184626}",163.81829897930402,"{'RMSD': 115.07728355843003, 'bias': 2.493311455964431e-05, 'rcor': 0.7285069649502691, 'quot_std': 0.8593036063418269}",154.5725976186816,"{'RMSD': 89.66552512840785, 'bias': -0.0485711108774467, 'rcor': 0.8382105446674345, 'quot_std': 0.7069133505400841}",143.19389256884955,"{'RMSD': 90.14908031378972, 'bias': -0.0459516323171556, 'rcor': 0.8363466466119622, 'quot_std': 0.7042033558269563}",155.3279944383816,"{'RMSD': 75.78053691259437, 'bias': -9.2220553824518e-06, 'rcor': 0.8957231566580643, 'quot_std': 0.7100645755682847}",138.818951147725,"{'RMSD': 82.81636161445078, 'bias': -0.00020652856210290338, 'rcor': 0.8726559971468538, 'quot_std': 0.6832222206991893}"
RGI60-11.00843,RGI60-11.00843,289.977225226998,"{'RMSD': 130.61191026934586, 'bias': -0.00010546517455622961, 'rcor': 0.6963539224583617, 'quot_std': 1.4912265322935128}",234.29114066761494,"{'RMSD': 116.9911685713363, 'bias': 5.134132061357377e-05, 'rcor': 0.6966394287032021, 'quot_std': 1.3354231060752417}",242.27351749143142,"{'RMSD': 111.0851029473351, 'bias': -0.0692634900944995, 'rcor': 0.7198504207006556, 'quot_std': 1.3113877058965782}",200.63802544774435,"{'RMSD': 102.9463061894654, 'bias': -0.05987483685373718, 'rcor': 0.7202343983235717, 'quot_std': 1.2052078912914062}",244.48533277324745,"{'RMSD': 104.169995934299, 'bias': -3.093871180226415e-05, 'rcor': 0.755784334972107, 'quot_std': 1.3050341012401974}",185.41381764841483,"{'RMSD': 94.23430278966099, 'bias': -1.9789242742263013e-06, 'rcor': 0.7496933643898654, 'quot_std': 1.1534017780069021}"
RGI60-11.00892,RGI60-11.00892,253.52284740817615,"{'RMSD': 222.94874741259486, 'bias': 9.704622183903666e-05, 'rcor': 0.2719733741980657, 'quot_std': 1.3765855108698566}",210.8651387696582,"{'RMSD': 204.8140841629337, 'bias': -6.308540844202071e-05, 'rcor': 0.34101719638147204, 'quot_std': 1.305328281703007}",216.4312136720121,"{'RMSD': 184.89087669786596, 'bias': -0.05627011881540511, 'rcor': 0.4018303647674132, 'quot_std': 1.2052175625182446}",183.84089347593044,"{'RMSD': 175.87827825549758, 'bias': -0.05150872574074583, 'rcor': 0.4352882394301035, 'quot_std': 1.1664976941460437}",219.11036343093494,"{'RMSD': 152.56856225889914, 'bias': -5.5310330793645335e-05, 'rcor': 0.5210702822344239, 'quot_std': 1.0605310745670682}",171.21159220292262,"{'RMSD': 149.3092241408324, 'bias': -0.0001263234231601018, 'rcor': 0.4792641166316135, 'quot_std': 0.9462795753015271}"
RGI60-11.00897,RGI60-11.00897,213.54035161208415,"{'RMSD': 76.15389766199783, 'bias': 9.84331799145366e-05, 'rcor': 0.8683767746815698, 'quot_std': 1.6193051597664783}",195.30484230536882,"{'RMSD': 70.57227279338089, 'bias': 3.3276139220106415e-05, 'rcor': 0.8675780178084296, 'quot_std': 1.537289820850085}",181.02758579156924,"{'RMSD': 64.76979835636507, 'bias': -0.051268957266643156, 'rcor': 0.8691786333594478, 'quot_std': 1.4539838086285906}",167.18990274398496,"{'RMSD': 61.393465918717844, 'bias': -0.048374709723361775, 'rcor': 0.8688678879731685, 'quot_std': 1.400289853364781}",180.40497243326436,"{'RMSD': 61.547893253673884, 'bias': 1.943524841863109e-05, 'rcor': 0.8748745281198906, 'quot_std': 1.417970311501995}",159.90104553835286,"{'RMSD': 56.32691792532545, 'bias': -5.983458459013491e-05, 'rcor': 0.8795904142812934, 'quot_std': 1.3460882050284515}"
RGI60-11.00918,RGI60-11.00918,283.0595329834064,"{'RMSD': 301.46356033394915, 'bias': -9.172612564611882e-05, 'rcor': 0.3821306057752631, 'quot_std': 1.6954772417227741}",235.26595878915163,"{'RMSD': 297.15046990773624, 'bias': -4.3741410081565846e-05, 'rcor': 0.3409440057581467, 'quot_std': 1.621538774742047}",246.20217438720505,"{'RMSD': 262.385473865867, 'bias': -0.060679075946382, 'rcor': 0.32384230244157375, 'quot_std': 1.3758748742027236}",208.30651255256524,"{'RMSD': 260.3921716203186, 'bias': -0.05396131399854198, 'rcor': 0.28438621889298826, 'quot_std': 1.3169561537127115}",248.632142267696,"{'RMSD': 215.77180953619873, 'bias': 6.583790269587553e-05, 'rcor': 0.4153044203542989, 'quot_std': 1.1562859081775254}",192.56253290385519,"{'RMSD': 210.4974118418423, 'bias': 5.0260011420277806e-05, 'rcor': 0.34455599370812523, 'quot_std': 1.0193187043058396}"
RGI60-11.00929,RGI60-11.00929,,,,,,,,,,,,
RGI60-11.00957,RGI60-11.00957,182.9738895021128,"{'RMSD': 78.75985099127497, 'bias': -3.7506166108869365e-05, 'rcor': 0.9340240313835264, 'quot_std': 0.9875703307901817}",169.1693965878378,"{'RMSD': 74.20894689707417, 'bias': -8.868702479958301e-05, 'rcor': 0.939466614974919, 'quot_std': 0.9716393934006259}",155.72876996814796,"{'RMSD': 76.99828329295461, 'bias': -0.04554106179955397, 'rcor': 0.9261138296715176, 'quot_std': 0.7519194978661845}",145.09397581477143,"{'RMSD': 74.7275609858221, 'bias': -0.043093612484540245, 'rcor': 0.9331379402690088, 'quot_std': 0.7380187037303012}",152.69185819089924,"{'RMSD': 89.20415017855956, 'bias': -0.0002010954571005641, 'rcor': 0.9007312869094952, 'quot_std': 0.7071543323317886}",137.42776293521712,"{'RMSD': 86.75691721043376, 'bias': -0.00014490029184344166, 'rcor': 0.9119901466413309, 'quot_std': 0.6840537025725648}"
RGI60-11.01238,RGI60-11.01238,277.85636992840364,"{'RMSD': 268.6660918309317, 'bias': -0.00021592243683699053, 'rcor': 0.8128544629308512, 'quot_std': 2.0380318630418475}",245.92251381980654,"{'RMSD': 240.64486944898167, 'bias': -2.104737291119818e-05, 'rcor': 0.8221587449089801, 'quot_std': 1.894280034745165}",246.43771417375325,"{'RMSD': 241.4172047825828, 'bias': -0.05799850221956149, 'rcor': 0.8290429933130408, 'quot_std': 1.9099612245923565}",220.13393858421986,"{'RMSD': 222.50300588347636, 'bias': -0.05372132401771523, 'rcor': 0.8329610524635984, 'quot_std': 1.8080270589484373}",247.3646297882045,"{'RMSD': 232.1684362387148, 'bias': 7.845856271160301e-05, 'rcor': 0.8347096000489985, 'quot_std': 1.8665990464770776}",210.0107949537136,"{'RMSD': 208.04456993882943, 'bias': 0.00011970619357271062, 'rcor': 0.8442689148629557, 'quot_std': 1.7436658053047345}"
RGI60-11.01367,RGI60-11.01367,177.03037779342154,"{'RMSD': 297.5647403274375, 'bias': -6.009440016896406e-05, 'rcor': 0.4506284101739898, 'quot_std': 2.1249304889141287}",165.88537931429968,"{'RMSD': 279.5346222142476, 'bias': 8.716637341876776e-05, 'rcor': 0.49602286202905155, 'quot_std': 2.0498864639588654}",161.7796402623227,"{'RMSD': 276.6142685210108, 'bias': -0.04320459641951402, 'rcor': 0.47083829921125575, 'quot_std': 1.9990174046726221}",151.46566756809543,"{'RMSD': 260.15617532342446, 'bias': -0.041188130344039564, 'rcor': 0.5145190476992535, 'quot_std': 1.9327425352670928}",161.58354243626346,"{'RMSD': 252.24522362256997, 'bias': -1.0066417871712474e-05, 'rcor': 0.6115711612275624, 'quot_std': 1.9979757896986758}",146.04962818415268,"{'RMSD': 228.88028634722738, 'bias': 0.00011119217299437878, 'rcor': 0.6222575868879503, 'quot_std': 1.842705679672875}"
RGI60-11.01376,RGI60-11.01376,199.13924758975853,"{'RMSD': 285.24060293302915, 'bias': -6.560936151345231e-05, 'rcor': 0.7176182680214358, 'quot_std': 1.3118317137331656}",185.20759632168898,"{'RMSD': 266.8646185907138, 'bias': -2.4249905663964455e-05, 'rcor': 0.7405540757082433, 'quot_std': 1.271844269053306}",181.972130590454,"{'RMSD': 257.853423894624, 'bias': -0.04614761171774262, 'rcor': 0.7404980907326865, 'quot_std': 1.2294869338628507}",169.0867773340664,"{'RMSD': 239.93983043809325, 'bias': -0.04335410285057151, 'rcor': 0.7649555677034677, 'quot_std': 1.1937692842619896}",182.82107266757905,"{'RMSD': 223.7130809876087, 'bias': -9.728553141030716e-05, 'rcor': 0.8336254867610602, 'quot_std': 1.2706047613648939}",163.0241650266155,"{'RMSD': 198.32305907377392, 'bias': -0.0002454782477343542, 'rcor': 0.8410444158126368, 'quot_std': 1.1677934689867862}"
RGI60-11.01450,RGI60-11.01450,403.75950242573623,"{'RMSD': 142.76783368768963, 'bias': 0.00012632588470751216, 'rcor': 0.8487780225551566, 'quot_std': 1.9761804313997973}",359.1658647770913,"{'RMSD': 136.67210942595176, 'bias': 7.686803485285054e-06, 'rcor': 0.8535514117565468, 'quot_std': 1.9251779114786913}",337.83869594451136,"{'RMSD': 120.3689313157204, 'bias': -0.08213235533673924, 'rcor': 0.8744839141789045, 'quot_std': 1.8028948142869299}",303.90706203279126,"{'RMSD': 115.98648253600118, 'bias': -0.07704480886468446, 'rcor': 0.8750903307709212, 'quot_std': 1.7606682433802252}",328.5888863919748,"{'RMSD': 114.95963040085505, 'bias': -0.00023089880068027924, 'rcor': 0.8678853164201378, 'quot_std': 1.7367558014717748}",281.2183582559257,"{'RMSD': 108.33980193127927, 'bias': -3.075763538618048e-05, 'rcor': 0.8682010815416804, 'quot_std': 1.6703163315382223}"
RGI60-11.01662,RGI60-11.01662,173.34552445282367,"{'RMSD': 172.13827978090103, 'bias': 9.488816112934728e-05, 'rcor': 0.8801654207205678, 'quot_std': 1.122651898162159}",154.51415502255998,"{'RMSD': 158.6110683362216, 'bias': -7.220502448035404e-05, 'rcor': 0.8850061938250168, 'quot_std': 1.058344118159458}",157.13096031294316,"{'RMSD': 162.29404588364608, 'bias': -0.04394718467119674, 'rcor': 0.8756200085532962, 'quot_std': 1.0420452278491723}",140.36469200728385,"{'RMSD': 155.89987306227786, 'bias': -0.04054613709149635, 'rcor': 0.8762272725846249, 'quot_std': 0.9939843638734165}",157.98345033153313,"{'RMSD': 180.09553868706453, 'bias': 0.00013611917711386923, 'rcor': 0.85612727443737, 'quot_std': 1.0823016284323366}",132.08491023856342,"{'RMSD': 162.85275309365386, 'bias': -0.0001224459599598049, 'rcor': 0.8592947136929391, 'quot_std': 0.9632878732788258}"
RGI60-11.01704,RGI60-11.01704,309.86896727742794,"{'RMSD': 117.92978832159224, 'bias': 9.191502454086731e-05, 'rcor': 0.7485596985638904, 'quot_std': 1.3148498112685167}",256.23671842439364,"{'RMSD': 105.18335661977896, 'bias': -8.460179901703668e-05, 'rcor': 0.7447240226767959, 'quot_std': 1.1493225742753368}",257.31916270668427,"{'RMSD': 104.82099571142628, 'bias': -0.06469823023451227, 'rcor': 0.7476821971788541, 'quot_std': 1.152368645710132}",216.98489395097246,"{'RMSD': 97.7946008766517, 'bias': -0.05751227783389368, 'rcor': 0.7469466149809396, 'quot_std': 1.0428379871985065}",259.275156520205,"{'RMSD': 93.55099947106775, 'bias': 0.0001096606409873857, 'rcor': 0.7946741360298754, 'quot_std': 1.1306254193461682}",195.6888013930394,"{'RMSD': 83.81317542879789, 'bias': 8.82445499428286e-06, 'rcor': 0.7995482251160982, 'quot_std': 0.9731950520859234}"
RGI60-11.01776,RGI60-11.01776,181.6884409960053,"{'RMSD': 84.71328963995657, 'bias': -7.29373384729115e-05, 'rcor': 0.8658485943555195, 'quot_std': 0.8751977891196074}",165.80870494864993,"{'RMSD': 83.393381224996, 'bias': 7.435299039570964e-05, 'rcor': 0.8697666252052787, 'quot_std': 0.8108371850126185}",156.9589814820541,"{'RMSD': 83.25584668205737, 'bias': -0.046237276776309955, 'rcor': 0.8697695474205562, 'quot_std': 0.8367718141683103}",144.37704231674357,"{'RMSD': 83.55544309153511, 'bias': -0.043612790436782234, 'rcor': 0.8695822425348095, 'quot_std': 0.8014871302627444}",157.68909754945585,"{'RMSD': 82.22646772018092, 'bias': -0.00010002071962844639, 'rcor': 0.8755090471489397, 'quot_std': 0.9048717328754015}",137.88336358157963,"{'RMSD': 79.96177769650883, 'bias': 4.6265290620794985e-06, 'rcor': 0.8805797317768852, 'quot_std': 0.8543371692266316}"
RGI60-11.01834,RGI60-11.01834,286.3710268310958,"{'RMSD': 102.7223054165768, 'bias': -6.881209310449776e-05, 'rcor': 0.7728030993892828, 'quot_std': 1.3322864428151278}",245.58850179747472,"{'RMSD': 93.31107261470137, 'bias': 4.385069587442558e-06, 'rcor': 0.7754310254623268, 'quot_std': 1.2159019004037823}",246.6024062334521,"{'RMSD': 85.63565508221117, 'bias': -0.06243993776388379, 'rcor': 0.8097743870430559, 'quot_std': 1.202663197718064}",214.49003813342577,"{'RMSD': 79.21447552153543, 'bias': -0.05636537684745235, 'rcor': 0.8155200105773491, 'quot_std': 1.1210354152327147}",247.27338385792274,"{'RMSD': 78.63705692441035, 'bias': 9.14320678475633e-05, 'rcor': 0.842435155035436, 'quot_std': 1.2019283158706084}",197.32807740509978,"{'RMSD': 70.48424780633812, 'bias': -7.873598860896891e-05, 'rcor': 0.8451631100200953, 'quot_std': 1.0773120889677401}"
RGI60-11.01863,RGI60-11.01863,322.09181457822456,"{'RMSD': 91.39795447545276, 'bias': -9.444974068628653e-05, 'rcor': 0.9049634170907307, 'quot_std': 1.1176112957422386}",259.3364938385496,"{'RMSD': 72.66063835240685, 'bias': 8.251500526057498e-05, 'rcor': 0.9195580437919003, 'quot_std': 0.878597133234428}",264.0571945941762,"{'RMSD': 75.3701575261525, 'bias': -0.0664469114858548, 'rcor': 0.913610867439055, 'quot_std': 0.9122351159677167}",218.29251518671174,"{'RMSD': 80.20126193735229, 'bias': -0.05724135380114603, 'rcor': 0.9069545805913972, 'quot_std': 0.7757229422056067}",267.5846652713733,"{'RMSD': 73.02300313175914, 'bias': 0.0001511420889528381, 'rcor': 0.9200261846862067, 'quot_std': 0.9372180992451901}",197.94614044455,"{'RMSD': 74.52567117196308, 'bias': 0.00011278592694452527, 'rcor': 0.9209908842906526, 'quot_std': 0.789485211912687}"
RGI60-11.01876,RGI60-11.01876,311.7418632135443,"{'RMSD': 121.01947698969492, 'bias': 0.00015418889415741432, 'rcor': 0.8344897848008136, 'quot_std': 1.7460730885967544}",286.0375524322933,"{'RMSD': 114.48568603112312, 'bias': -0.0002306605720150401, 'rcor': 0.8302250533921801, 'quot_std': 1.6700122206558765}",271.6796060758209,"{'RMSD': 106.94865313615047, 'bias': -0.07268873058137615, 'rcor': 0.8417436119893307, 'quot_std': 1.6128392419134687}",251.27837677884136,"{'RMSD': 103.11192113385437, 'bias': -0.06891100682946671, 'rcor': 0.8372701432197097, 'quot_std': 1.5620227486896745}",271.9590145349428,"{'RMSD': 103.27156060409837, 'bias': 4.655532598007994e-05, 'rcor': 0.8486335330247773, 'quot_std': 1.587542369224318}",243.74574065447206,"{'RMSD': 99.18672513545128, 'bias': -1.7768904399417806e-05, 'rcor': 0.8437288741133069, 'quot_std': 1.53245377645281}"
RGI60-11.01930,RGI60-11.01930,200.60280648217298,"{'RMSD': 209.00302226396343, 'bias': -0.00012671693343691004, 'rcor': 0.605486034519906, 'quot_std': 1.0596976011472756}",180.06437075181142,"{'RMSD': 196.485318084709, 'bias': -0.00010576073782431195, 'rcor': 0.6174156289188218, 'quot_std': 0.9805325479542156}",176.8565168307018,"{'RMSD': 183.5308631918526, 'bias': -0.051801913630015406, 'rcor': 0.6620294910317616, 'quot_std': 0.9692792524439718}",160.1047549506905,"{'RMSD': 177.30749912314755, 'bias': -0.04779541867014814, 'rcor': 0.6687575148240493, 'quot_std': 0.923482997018717}",179.20785641725914,"{'RMSD': 187.32515715401405, 'bias': 3.067129455303075e-06, 'rcor': 0.699781919860755, 'quot_std': 1.0963789712953587}",152.56242823751066,"{'RMSD': 175.23933298172597, 'bias': 1.971042297554959e-05, 'rcor': 0.7064929381223475, 'quot_std': 1.0104366908031965}"
RGI60-11.01962,RGI60-11.01962,290.429958492662,"{'RMSD': 336.9121870057083, 'bias': -4.69063807031489e-05, 'rcor': 0.9160366923354022, 'quot_std': 1.590155452424196}",251.78931109802895,"{'RMSD': 287.0936731203243, 'bias': 0.00010593686897664156, 'rcor': 0.8813695403888836, 'quot_std': 1.3768369846440984}",255.58844706349876,"{'RMSD': 263.0571798448476, 'bias': -0.06302058576534364, 'rcor': 0.9263864722387525, 'quot_std': 1.4006351423874142}",223.66865267441597,"{'RMSD': 233.03149992348614, 'bias': -0.05664049676693139, 'rcor': 0.9045917552882462, 'quot_std': 1.2568153306194099}",260.63702106533435,"{'RMSD': 267.13335699917786, 'bias': -0.0001231591786563513, 'rcor': 0.9586231358412465, 'quot_std': 1.481611915273985}",210.79401205212145,"{'RMSD': 208.90684279447615, 'bias': 0.00011980175190728914, 'rcor': 0.9527653164047956, 'quot_std': 1.3039973586660363}"
RGI60-11.01987,RGI60-11.01987,239.69464613884526,"{'RMSD': 126.0521667340869, 'bias': 0.00010451020034452085, 'rcor': 0.7503018042864735, 'quot_std': 1.2805618342483474}",215.44630171013966,"{'RMSD': 120.57611011775153, 'bias': -5.661623890773626e-05, 'rcor': 0.7511860096677927, 'quot_std': 1.2235309932549063}",212.23280034934936,"{'RMSD': 116.81071726225998, 'bias': -0.057367511427287354, 'rcor': 0.7552910519742816, 'quot_std': 1.1908233707140914}",192.040016125869,"{'RMSD': 112.92302114933399, 'bias': -0.053190910772514144, 'rcor': 0.7581455725355871, 'quot_std': 1.1514502917691607}",213.82922382951568,"{'RMSD': 115.68478797150576, 'bias': -7.940447073906398e-05, 'rcor': 0.7614933431355742, 'quot_std': 1.1938354896956278}",184.86157284916854,"{'RMSD': 112.68594143874772, 'bias': -3.929845775019203e-05, 'rcor': 0.7590310573292894, 'quot_std': 1.1509422208227664}"
RGI60-11.02024,RGI60-11.02024,264.25901481301224,"{'RMSD': 286.1644427352034, 'bias': 0.00014172775956922123, 'rcor': 0.937221038651893, 'quot_std': 1.7790102178378446}",227.4956385910169,"{'RMSD': 227.15270902566303, 'bias': 5.953749587206403e-05, 'rcor': 0.9159943770123591, 'quot_std': 1.5195919592030778}",227.6901807083231,"{'RMSD': 208.67041565323225, 'bias': -0.055875341579053384, 'rcor': 0.9364036025955744, 'quot_std': 1.4909770565530827}",198.0099400170524,"{'RMSD': 175.04059702708332, 'bias': -0.0509679474710083, 'rcor': 0.9232745417185215, 'quot_std': 1.3265746040471356}",233.5372934996197,"{'RMSD': 218.4529773183186, 'bias': -8.657969829073409e-06, 'rcor': 0.9554192483943635, 'quot_std': 1.5674169488354555}",186.80044127027006,"{'RMSD': 168.8070605937, 'bias': -4.814683973108913e-05, 'rcor': 0.9576005457181587, 'quot_std': 1.3868431221876676}"
RGI60-11.02072,RGI60-11.02072,263.79089037116375,"{'RMSD': 379.2747965934084, 'bias': -9.870134795164631e-05, 'rcor': 0.5587259271275421, 'quot_std': 1.723383388196868}",223.0589216577169,"{'RMSD': 320.30592938316784, 'bias': 0.00012310229044487642, 'rcor': 0.5937689884754036, 'quot_std': 1.4988538318238591}",228.471638951153,"{'RMSD': 302.3054682228627, 'bias': -0.07226150489236716, 'rcor': 0.5742967614704636, 'quot_std': 1.37954077615183}",195.73662213116341,"{'RMSD': 264.4105161398851, 'bias': -0.06396543562482293, 'rcor': 0.6048933542667597, 'quot_std': 1.2255973220843124}",232.6349985619657,"{'RMSD': 307.37619827161586, 'bias': 0.00010891455599448818, 'rcor': 0.5912494112522766, 'quot_std': 1.431431387854513}",185.7764993878869,"{'RMSD': 255.69081546977395, 'bias': -0.00016581529212089663, 'rcor': 0.6050765683559759, 'quot_std': 1.174785102259703}"
RGI60-11.02214,RGI60-11.02214,185.13238001537442,"{'RMSD': 88.430678755802, 'bias': -6.23927428478055e-05, 'rcor': 0.6226024710311273, 'quot_std': 1.11057526381235}",164.73942333759874,"{'RMSD': 84.82547068087034, 'bias': -2.7756107328968938e-05, 'rcor': 0.6158411419622579, 'quot_std': 1.0255417932954742}",164.77982586848842,"{'RMSD': 79.63660186468292, 'bias': -0.046137076808690836, 'rcor': 0.6223186597820255, 'quot_std': 0.9216351242408639}",148.0652146583899,"{'RMSD': 75.90418793362264, 'bias': -0.04228403775755396, 'rcor': 0.6357030540561717, 'quot_std': 0.8528270291860088}",164.28011431887572,"{'RMSD': 81.4728302181695, 'bias': -6.040356504399824e-05, 'rcor': 0.5614872135241221, 'quot_std': 0.8021382397274339}",140.0584609441753,"{'RMSD': 77.63023119764955, 'bias': 0.0001358265770932121, 'rcor': 0.5936509817297302, 'quot_std': 0.7665317422876242}"
RGI60-11.02245,RGI60-11.02245,,,,,,,,,,,,
RGI60-11.02249,RGI60-11.02249,222.14963699302436,"{'RMSD': 312.79395474985245, 'bias': -0.00011019015823876543, 'rcor': 0.7420419887386152, 'quot_std': 1.3978934990971763}",187.60972026710206,"{'RMSD': 247.13607290025524, 'bias': -0.00011161669272041763, 'rcor': 0.791130379345255, 'quot_std': 1.216197069336602}",194.86425244476317,"{'RMSD': 263.4755215506663, 'bias': -0.06154653994281034, 'rcor': 0.7518517365404316, 'quot_std': 1.2017652493496673}",166.42925685337121,"{'RMSD': 218.4646929015482, 'bias': -0.05293086648248391, 'rcor': 0.7933866942386504, 'quot_std': 1.0694792246400406}",197.38049090312876,"{'RMSD': 235.7643014985278, 'bias': -5.4062924846220994e-05, 'rcor': 0.7960901321765053, 'quot_std': 1.1729397993639132}",156.4910673099936,"{'RMSD': 194.4156835782335, 'bias': -0.00016360143558813434, 'rcor': 0.8149150385834333, 'quot_std': 0.9782973748634725}"
RGI60-11.02285,RGI60-11.02285,,,,,,,,,,,,
RGI60-11.02648,RGI60-11.02648,106.38530381782881,"{'RMSD': 119.77278445330977, 'bias': -0.00012539407418898918, 'rcor': 0.9441283371072836, 'quot_std': 0.7982405752259668}",92.01440194964592,"{'RMSD': 125.04578877619386, 'bias': -3.7638600474565465e-05, 'rcor': 0.9521082557241496, 'quot_std': 0.7206162927378773}",99.50686812718784,"{'RMSD': 121.9592345934968, 'bias': -0.022304213046595578, 'rcor': 0.9451995252087569, 'quot_std': 0.7723506448163914}",86.20448752266775,"{'RMSD': 131.82540671029167, 'bias': -0.019693421032343394, 'rcor': 0.9488674688344555, 'quot_std': 0.698098407584591}",97.65937152680462,"{'RMSD': 134.44485491821538, 'bias': 2.910434466230072e-05, 'rcor': 0.9721130707857317, 'quot_std': 0.62770751509015}",78.96670276115368,"{'RMSD': 152.10389153395494, 'bias': -7.925052807422617e-05, 'rcor': 0.9804954096325503, 'quot_std': 0.557002147379642}"
RGI60-11.02671,RGI60-11.02671,465.134492024398,"{'RMSD': 209.96341358760668, 'bias': 2.2090984657552326e-05, 'rcor': 0.6724678950654229, 'quot_std': 1.5247520022885663}",388.30997275226525,"{'RMSD': 204.27511973848524, 'bias': 8.543053536413936e-05, 'rcor': 0.672881782760603, 'quot_std': 1.4854938514243738}",397.64311053451604,"{'RMSD': 178.73787791052064, 'bias': -0.08055905591754708, 'rcor': 0.6940887913308178, 'quot_std': 1.3349324846601525}",338.9623162123087,"{'RMSD': 180.21529055126985, 'bias': -0.07427162446788316, 'rcor': 0.6775975312954629, 'quot_std': 1.3145393308563988}",388.18566352805027,"{'RMSD': 160.64026843977575, 'bias': -0.00019217034559915191, 'rcor': 0.7145029315805, 'quot_std': 1.228925699286523}",302.04502195915927,"{'RMSD': 161.7032840065425, 'bias': -9.907608171033644e-05, 'rcor': 0.6864357804810943, 'quot_std': 1.1760579197548326}"
RGI60-11.02679,RGI60-11.02679,545.3911438764661,"{'RMSD': 204.25923112772665, 'bias': -0.0002582144657594654, 'rcor': 0.6056232275662655, 'quot_std': 1.8238488130139079}",437.88387889279215,"{'RMSD': 182.91253530784894, 'bias': -2.4261177088646946e-05, 'rcor': 0.6038763015883926, 'quot_std': 1.6358560618935176}",453.21996422556737,"{'RMSD': 172.49842126819286, 'bias': -0.09388783948918444, 'rcor': 0.6209429190586658, 'quot_std': 1.5686535236932604}",372.8703625476751,"{'RMSD': 161.73449745945572, 'bias': -0.0818161396580308, 'rcor': 0.6137917458855021, 'quot_std': 1.4555672037731018}",447.0150798077228,"{'RMSD': 166.48370035095033, 'bias': -6.883012872549443e-05, 'rcor': 0.6121785255299632, 'quot_std': 1.4982965969793605}",330.2136849363279,"{'RMSD': 150.28615772575208, 'bias': -7.024898343388486e-05, 'rcor': 0.6069388724414693, 'quot_std': 1.328702205886738}"
RGI60-11.02704,RGI60-11.02704,672.4902764273285,"{'RMSD': 215.90414536301114, 'bias': -0.00013694186537804853, 'rcor': 0.7074011817633632, 'quot_std': 2.748716264341431}",531.1013040838733,"{'RMSD': 190.18486483770857, 'bias': -0.00012092849141254192, 'rcor': 0.7152966742949463, 'quot_std': 2.4848840999477027}",544.6159509545209,"{'RMSD': 173.41296117315176, 'bias': -0.107888643112517, 'rcor': 0.7226270128536563, 'quot_std': 2.3135406643114385}",441.9064025348372,"{'RMSD': 159.1794790074193, 'bias': -0.0932129826264827, 'rcor': 0.7232478540300945, 'quot_std': 2.1579488522059798}",532.5378089538459,"{'RMSD': 163.50118786353892, 'bias': 0.000159236339356994, 'rcor': 0.7234152113821314, 'quot_std': 2.205994858119661}",382.38663116764366,"{'RMSD': 139.34240298430976, 'bias': -5.3009873113296635e-06, 'rcor': 0.73130512890826, 'quot_std': 1.9469023957131997}"
RGI60-11.02746,RGI60-11.02746,341.77784835759905,"{'RMSD': 151.65637745183798, 'bias': -0.00017038028022398066, 'rcor': 0.6801848086198259, 'quot_std': 1.7547212802372534}",291.7443873926454,"{'RMSD': 141.43095075510982, 'bias': 4.586340378409659e-05, 'rcor': 0.6792387340148712, 'quot_std': 1.6457540657006005}",300.08313968441024,"{'RMSD': 138.18685648476986, 'bias': -0.06719030755220956, 'rcor': 0.6843075845960458, 'quot_std': 1.6193897518995841}",259.30143679392006,"{'RMSD': 131.71384591240556, 'bias': -0.06050440600881757, 'rcor': 0.6818188819503234, 'quot_std': 1.5440787830621343}",299.7735774397188,"{'RMSD': 134.64866074981123, 'bias': -0.00022691846470479504, 'rcor': 0.6813825568542484, 'quot_std': 1.5758318891891927}",239.6742833788912,"{'RMSD': 124.56233648407208, 'bias': -5.775067131708056e-05, 'rcor': 0.6788658341332681, 'quot_std': 1.45724491549355}"
RGI60-11.02764,RGI60-11.02764,758.224607686779,"{'RMSD': 443.99720410605084, 'bias': 3.873712387303385e-06, 'rcor': 0.782684307505699, 'quot_std': 5.502337331470277}",560.8140732085211,"{'RMSD': 361.997394086073, 'bias': -9.332532562211782e-05, 'rcor': 0.8174021379433888, 'quot_std': 4.649503241567447}",584.9703465806543,"{'RMSD': 309.17977927451574, 'bias': -0.12231093436446372, 'rcor': 0.8599010404052445, 'quot_std': 4.123942363852742}",452.42237870240604,"{'RMSD': 263.90354714518594, 'bias': -0.1001077702613884, 'rcor': 0.8754213969862034, 'quot_std': 3.6487380207328}",570.2755357913609,"{'RMSD': 279.892733731471, 'bias': 6.500024096567358e-05, 'rcor': 0.8811559748760585, 'quot_std': 3.830432089174472}",385.57930236065806,"{'RMSD': 226.54175417755047, 'bias': -0.000193425809470682, 'rcor': 0.889168467884986, 'quot_std': 3.2573182967491388}"
RGI60-11.02766,RGI60-11.02766,314.61275990876294,"{'RMSD': 183.6077104874782, 'bias': -3.333504571401136e-05, 'rcor': 0.7778181333235521, 'quot_std': 2.3580051137995204}",265.59313180187485,"{'RMSD': 167.55558596142342, 'bias': -0.0001072019302910121, 'rcor': 0.7721046246214825, 'quot_std': 2.1879869222410004}",261.0512045694011,"{'RMSD': 143.24411484568898, 'bias': -0.0702562311961401, 'rcor': 0.8272872508657718, 'quot_std': 2.025904567525251}",224.61264372740553,"{'RMSD': 133.75140182130292, 'bias': -0.06325670653563975, 'rcor': 0.8183900631955773, 'quot_std': 1.913155938017648}",257.91228264906897,"{'RMSD': 137.53238069004735, 'bias': -0.00017998773546423763, 'rcor': 0.8335659733158369, 'quot_std': 1.9776594186567813}",207.06968850691396,"{'RMSD': 122.98127253633184, 'bias': -1.6466117813251913e-05, 'rcor': 0.8270584919551616, 'quot_std': 1.8146659012359054}"
RGI60-11.02773,RGI60-11.02773,356.81343834751766,"{'RMSD': 238.8400176184464, 'bias': -6.0932789438084e-05, 'rcor': 0.8119289506068121, 'quot_std': 3.0084540682057797}",300.9092731626655,"{'RMSD': 201.138311593988, 'bias': 3.022093085291999e-05, 'rcor': 0.8439154838817489, 'quot_std': 2.6764268063695544}",293.4996600825942,"{'RMSD': 167.24583561803846, 'bias': -0.07617074311599481, 'rcor': 0.8666206833050706, 'quot_std': 2.3692968796837386}",252.70291914842943,"{'RMSD': 145.3009997207332, 'bias': -0.06744537585973376, 'rcor': 0.8823594051450048, 'quot_std': 2.1714274597320404}",292.519692203439,"{'RMSD': 156.49926667344744, 'bias': 8.76523714623545e-05, 'rcor': 0.8843083027998632, 'quot_std': 2.287760059252183}",237.5614348766732,"{'RMSD': 134.3806115529109, 'bias': 6.803588928505633e-05, 'rcor': 0.8913043851311979, 'quot_std': 2.0745926428340073}"
RGI60-11.02774,RGI60-11.02774,314.42215542109057,"{'RMSD': 145.89941529849003, 'bias': 6.058956500964996e-05, 'rcor': 0.719062932109492, 'quot_std': 1.9636606625137647}",271.76109233162106,"{'RMSD': 134.34625186266103, 'bias': 0.00016582975911205722, 'rcor': 0.7081654596421493, 'quot_std': 1.8154250240096046}",256.9939144029512,"{'RMSD': 115.85662067224136, 'bias': -0.06818534192314019, 'rcor': 0.736328461993977, 'quot_std': 1.6444504093973287}",226.698476184904,"{'RMSD': 111.09734516663859, 'bias': -0.06173853675818464, 'rcor': 0.7237735908847628, 'quot_std': 1.5632663480607067}",252.81849420034072,"{'RMSD': 108.02636219449451, 'bias': -5.1551694014051463e-05, 'rcor': 0.7501290904791457, 'quot_std': 1.5733891109192328}",211.134307878041,"{'RMSD': 101.28493382722888, 'bias': -2.816245068970602e-05, 'rcor': 0.7372637236013637, 'quot_std': 1.4624141301441074}"
RGI60-11.03084,RGI60-11.03084,318.17374020855715,"{'RMSD': 118.65582295960773, 'bias': 2.0632621954064234e-05, 'rcor': 0.8601777615304961, 'quot_std': 1.4873648770828456}",263.60000507911224,"{'RMSD': 86.91262719562654, 'bias': -6.0457488189058495e-06, 'rcor': 0.8929643553706683, 'quot_std': 1.27774021379411}",271.18788326220744,"{'RMSD': 85.07469275388766, 'bias': -0.06339849746211712, 'rcor': 0.8891407961735878, 'quot_std': 1.2473062166471238}",228.66506294117082,"{'RMSD': 72.59084425571808, 'bias': -0.05635759090728243, 'rcor': 0.8998346651557552, 'quot_std': 1.1422346701551451}",274.5713748688222,"{'RMSD': 92.05994923855478, 'bias': 0.00016736645704895636, 'rcor': 0.8827584631614792, 'quot_std': 1.2993990724711362}",209.07363524800695,"{'RMSD': 76.85445531726805, 'bias': 0.0001716664444302296, 'rcor': 0.8896785445977632, 'quot_std': 1.1561604121266356}"
RGI60-11.03135,RGI60-11.03135,310.9481380544097,"{'RMSD': 148.22553278001993, 'bias': -0.00019626141192929936, 'rcor': 0.691590527863812, 'quot_std': 1.178151893840484}",249.36467155655694,"{'RMSD': 134.63272062717326, 'bias': 2.9056637458779733e-05, 'rcor': 0.7159822596407406, 'quot_std': 1.0912711206332424}",279.5771706435413,"{'RMSD': 134.94651917843612, 'bias': -0.06026877205022174, 'rcor': 0.7244445337919893, 'quot_std': 1.1179121198274349}",226.49647002597962,"{'RMSD': 123.60287418791057, 'bias': -0.05092525524332814, 'rcor': 0.7434729725287997, 'quot_std': 1.0333509787999418}",279.0882409361558,"{'RMSD': 123.5976292021537, 'bias': 0.0003003533192895702, 'rcor': 0.7653355384957375, 'quot_std': 1.1030089675844048}",194.780682337475,"{'RMSD': 113.24780083585537, 'bias': 2.675025348253257e-05, 'rcor': 0.7606578187840649, 'quot_std': 0.9290739744204914}"
RGI60-11.03166,RGI60-11.03166,147.76525705923927,"{'RMSD': 166.46047344543632, 'bias': -3.538127532465296e-05, 'rcor': 0.4947946202776751, 'quot_std': 0.9941238302326658}",134.79960089766084,"{'RMSD': 161.12456945509516, 'bias': -0.00012030606649204856, 'rcor': 0.5316175196507175, 'quot_std': 1.0037430615644387}",135.96645722809356,"{'RMSD': 159.22702500885558, 'bias': -0.03309273318984651, 'rcor': 0.533227073069361, 'quot_std': 0.9849778520251505}",124.39963416742954,"{'RMSD': 155.4014816201764, 'bias': -0.031223963689512857, 'rcor': 0.5596937403914356, 'quot_std': 0.993969701820904}",136.81474284355488,"{'RMSD': 157.90593642253305, 'bias': 0.00010453734921611613, 'rcor': 0.5752940829256307, 'quot_std': 1.0545745179779213}",118.85977558041938,"{'RMSD': 155.87371925211417, 'bias': -9.676429272076348e-06, 'rcor': 0.5739542121060768, 'quot_std': 1.029137289243543}"
RGI60-11.03209,RGI60-11.03209,199.9778718770584,"{'RMSD': 119.8992557692679, 'bias': -5.1917992209382646e-05, 'rcor': 0.6722278157411742, 'quot_std': 0.7725954921677403}",150.71875482744585,"{'RMSD': 110.31901949364762, 'bias': 9.477679077463108e-05, 'rcor': 0.7244139209233397, 'quot_std': 0.7134083933126852}",170.78629758487102,"{'RMSD': 111.92326096452697, 'bias': -0.047783389778260243, 'rcor': 0.7161369148084262, 'quot_std': 0.6588076893323168}",132.50889756783778,"{'RMSD': 108.45912377527924, 'bias': -0.038486819339709655, 'rcor': 0.7431794885463834, 'quot_std': 0.6233336546048475}",170.25640733813327,"{'RMSD': 109.29436331817708, 'bias': -1.7866825373857864e-05, 'rcor': 0.7339685759905407, 'quot_std': 0.6497988950353679}",122.0362200717732,"{'RMSD': 109.0254336706293, 'bias': 0.00010159227122130687, 'rcor': 0.7552126283948114, 'quot_std': 0.5588319181190177}"
RGI60-11.03232,RGI60-11.03232,211.3409674574686,"{'RMSD': 137.42481740581184, 'bias': -0.00011178738577655167, 'rcor': 0.8449878141201751, 'quot_std': 0.7655558843804929}",173.67834502382735,"{'RMSD': 121.21513038327724, 'bias': 9.912183259075391e-06, 'rcor': 0.8908566009935184, 'quot_std': 0.7311289262044943}",189.45407739593213,"{'RMSD': 125.56499135026469, 'bias': -0.05216158859298048, 'rcor': 0.8858995537593469, 'quot_std': 0.701510514965418}",157.91786977587807,"{'RMSD': 122.06556903158548, 'bias': -0.04464736520412771, 'rcor': 0.9030903010435901, 'quot_std': 0.6723766624160834}",191.10536553530443,"{'RMSD': 128.05805781701991, 'bias': 0.00018448239825374912, 'rcor': 0.8753613387967364, 'quot_std': 0.7207362471118188}",143.25271991090398,"{'RMSD': 135.4815544014622, 'bias': 0.00019003365810021933, 'rcor': 0.8808319581219876, 'quot_std': 0.6223099787060357}"
RGI60-11.03241,RGI60-11.03241,79.26896105573846,"{'RMSD': 135.2571598735513, 'bias': 6.387764705095833e-05, 'rcor': 0.7403867925222586, 'quot_std': 0.5043724685521537}",64.56795672240034,"{'RMSD': 135.7780366421303, 'bias': 6.174078112053394e-05, 'rcor': 0.7533732394931854, 'quot_std': 0.4710930426988278}",74.481957034018,"{'RMSD': 136.49096508552532, 'bias': -0.017917791645231773, 'rcor': 0.7422639085625394, 'quot_std': 0.48146003188173275}",60.99204909201374,"{'RMSD': 137.76190443953175, 'bias': -0.015031113393888518, 'rcor': 0.7495401399001248, 'quot_std': 0.45138493574237265}",74.31796828186832,"{'RMSD': 135.23724220426644, 'bias': -7.491230189771159e-05, 'rcor': 0.7578748919230784, 'quot_std': 0.4705155413592988}",55.76309929512595,"{'RMSD': 139.0071366110306, 'bias': 2.7997479662644764e-05, 'rcor': 0.7614745558833454, 'quot_std': 0.41965954379575326}"
RGI60-11.03246,RGI60-11.03246,,,,,,,,,,,,
RGI60-11.03638,RGI60-11.03638,209.34550891489724,"{'RMSD': 96.05522152511573, 'bias': 6.83266401892979e-05, 'rcor': 0.817467070368693, 'quot_std': 1.199882377438925}",184.2404213627141,"{'RMSD': 89.85894816123741, 'bias': 7.809164469563257e-05, 'rcor': 0.8269786017847766, 'quot_std': 1.1480375589713896}",185.68312129487995,"{'RMSD': 89.80801994749443, 'bias': -0.05079308591325571, 'rcor': 0.8240216050769034, 'quot_std': 1.1371520954678547}",165.12355753309896,"{'RMSD': 85.6001868130294, 'bias': -0.04671352623495295, 'rcor': 0.8306359034886517, 'quot_std': 1.0979340342975528}",185.25059601049892,"{'RMSD': 88.78081249811751, 'bias': 6.3320119352283655e-06, 'rcor': 0.8236818655212261, 'quot_std': 1.1209326841643632}",156.05743620085565,"{'RMSD': 82.24563966797747, 'bias': 3.7714531686106056e-05, 'rcor': 0.8342715332222992, 'quot_std': 1.0560217028107406}"
RGI60-11.03643,RGI60-11.03643,,,,,,,,,,,,
RGI60-11.03671,RGI60-11.03671,163.65485829304947,"{'RMSD': 78.8962026941356, 'bias': -5.35172746367607e-05, 'rcor': 0.8543307957091776, 'quot_std': 0.9808634354873427}",148.88909285173474,"{'RMSD': 78.35967775511905, 'bias': -0.00011570915853553743, 'rcor': 0.8529852020586018, 'quot_std': 0.9572383723792958}",147.45647408553083,"{'RMSD': 70.08490386745596, 'bias': -0.04022681409287543, 'rcor': 0.88041632791823, 'quot_std': 0.9349403780008421}",134.9802136906549,"{'RMSD': 70.3287075833161, 'bias': -0.037622762720957326, 'rcor': 0.878338369859451, 'quot_std': 0.9181848932497396}",147.02741344000788,"{'RMSD': 68.59258108116806, 'bias': -0.00020081396598925494, 'rcor': 0.8855454112199937, 'quot_std': 0.9355740755041407}",128.8237626084027,"{'RMSD': 68.63641834035748, 'bias': -2.928289723058697e-05, 'rcor': 0.8834122126875448, 'quot_std': 0.9025946817702583}"
RGI60-11.03674,RGI60-11.03674,307.4031823907585,"{'RMSD': 113.57254091268882, 'bias': 0.00018964927426168288, 'rcor': 0.7820143038246837, 'quot_std': 0.9538651660574126}",247.64145375007416,"{'RMSD': 102.41345192043771, 'bias': 7.839869863346394e-05, 'rcor': 0.8144753450310108, 'quot_std': 0.8860374733047994}",267.56399099347306,"{'RMSD': 94.62282121413337, 'bias': -0.06997363163804948, 'rcor': 0.8418366771269253, 'quot_std': 0.8747849352614632}",220.29291457445797,"{'RMSD': 89.11799047410287, 'bias': -0.06072221919430376, 'rcor': 0.8603864330433963, 'quot_std': 0.8283278666922489}",266.7099392248279,"{'RMSD': 94.4074911234103, 'bias': 8.181852717825677e-05, 'rcor': 0.8424380192418726, 'quot_std': 0.8716842867291212}",202.2303505269887,"{'RMSD': 88.74556938463309, 'bias': 3.386015873729775e-05, 'rcor': 0.8634445182062406, 'quot_std': 0.7932968503554644}"
RGI60-11.03756,RGI60-11.03756,254.4562931751884,"{'RMSD': 125.73602883019628, 'bias': -0.00010723803961809608, 'rcor': 0.7714386717627096, 'quot_std': 0.7591301018092578}",223.4934799391136,"{'RMSD': 120.27571511448517, 'bias': -8.69133657488419e-05, 'rcor': 0.794691616670875, 'quot_std': 0.7400680966526991}",228.84743937094143,"{'RMSD': 114.05616608173904, 'bias': -0.05972664015871487, 'rcor': 0.8227353927434689, 'quot_std': 0.7131448953786208}",202.53426887619426,"{'RMSD': 111.3157286765164, 'bias': -0.05510796297176057, 'rcor': 0.8361757728761181, 'quot_std': 0.6984657355767416}",227.60632613346786,"{'RMSD': 113.73702655652411, 'bias': 1.1175072586411261e-05, 'rcor': 0.8244144812479941, 'quot_std': 0.7104488218391906}",189.0672880285735,"{'RMSD': 111.39891215676998, 'bias': -0.0001498409494615771, 'rcor': 0.8414657367811831, 'quot_std': 0.6718054299962753}"
